sessionId,userId,gameModeName,gameTime,userType,entryTime,exitTime,duration,roomName,roomType,roomSequence,combatRoomNumber,dungeonRoomNumber,eventType,weaponName,total_damage,damage,ability_pyrosphere,ability_minigun,ability_machinegun,ability_bomb_blackhole,ability_bomb,ability_drone,ability_chakram,ability_smg_gleamtwins,ability_kusarigama,ability_chain_lightning,ability_ice_cube,ability_renew,ability_healing_mark,enemyKills,PartyMembers
01JJFDDENJHCYANR5CRCE9CZ0H,01HWNPFC4SDS76TF61T6SC1V0K,,,,2025-01-25 19:01:08.499000 UTC,2025-01-25 19:15:49.500000 UTC,881,DCCombatEmpty_Lush,combat_combat,0.0,1,1,extraction,arms_greatsword_tritium,61878.0,46229.0,,,,,1189.0,,,14460.0,,,,,,17,7
01JJFDK0XHEBE81ACS1NW02R0H,01HVBXQT2PW19DW9BYNNRC6RSN,,,,2025-01-25 19:04:11.500000 UTC,2025-01-25 19:33:27.499000 UTC,1755,DCCombatEmpty_Lush,combat_combat,0.0,1,1,extraction,arms_aa0002,1382.0,398.0,,142.0,,,842.0,,,,,,,,,0,6
01JJFDK0XHEBE81ACS1NW02R0H,01HWXE731KZQ8FH60JPJ0GCTHM,,,,2025-01-25 19:04:11.500000 UTC,2025-01-25 19:33:27.499000 UTC,1755,DCCombatEmpty_Lush,combat_combat,0.0,1,1,extraction,arms_sword_ferrox,410171.0,303821.0,,,,,,106350.0,,,,,,,,21,6
01JJFDR26DWVK0V1PMD9WR36W4,01JHDFBQJ575KVF36AJH86R4QW,,,,2025-01-25 19:06:57.500000 UTC,2025-01-25 19:13:38.500000 UTC,401,DCCombatEmpty_Lush,combat_combat,0.0,1,1,died,arms_sword_chronosteel,31662.0,8533.0,13139.0,,9239.0,751.0,,,,,,,,,,13,2
01JJFEXJHMXYPHR3NG32FHR9BY,01JHF0279BQ392DY10F5729ZAK,,,,2025-01-25 19:27:24.499000 UTC,2025-01-25 19:41:10.500000 UTC,826,DCCombatEmpty_Lush,combat_combat,0.0,1,1,died,arms_hammer_chronosteel,273799.0,154881.0,,,31209.0,,,,,87709.0,,,,,,18,1
01JJFFDR08WZH37MRGV4JCV783,01HV7EMM1T9N4PMG1AA43HZNRJ,,,,2025-01-25 19:36:15.500000 UTC,2025-01-25 19:47:16.500000 UTC,661,DCCombatEmpty_Lush,combat_combat,0.0,1,1,extraction,arms_sword_ferrox,390514.0,252849.0,126722.0,,,,,,,,,,10943.0,,,10,1
01JJFFSWG96BD9MC0776XBY7V8,01JGP9EBHRESHMMGHRWX6VK5Z1,,,,2025-01-25 19:42:52.499000 UTC,2025-01-25 20:07:53.500000 UTC,1501,DCCombatEmpty_Lush,combat_combat,0.0,1,1,extraction,arms_sword_chronosteel,172762.0,120095.0,,,,,,,,,34743.0,,17924.0,,,22,5
01JJFFY7PJSG7KA7XF8JM3275J,01HVXEJ1KKHCAJC0542Q7VAN70,,,,2025-01-25 19:45:16.500000 UTC,2025-01-25 19:46:48.500000 UTC,92,DCCombatEmpty_Lush,combat_combat,0.0,1,1,died,No Damage,0.0,0.0,,,,,,,,,,,,,,0,1
01JJFFZ5HRSYZAM3NP6WF6J7NN,01HWNPFC4SDS76TF61T6SC1V0K,,,,2025-01-25 19:45:46.499000 UTC,2025-01-25 19:58:05.499000 UTC,739,DCCombatEmpty_Lush,combat_combat,0.0,1,1,extraction,arms_greatsword_tritium,74536.0,44461.0,29975.0,,,100.0,,,,,,,,,,3,5
01JJFGJZ1E06H2NDZGZ83YBG49,01HV7TBAM2398RTAPXN6KX9B2B,,,,2025-01-25 19:56:35.499000 UTC,2025-01-25 20:10:13.500000 UTC,818,DCCombatEmpty_Lush,combat_combat,0.0,1,1,extraction,arms_ac0003,253456.0,110820.0,55035.0,,,,,21104.0,,66497.0,,,,,,10,2
01JJFDDENJHCYANR5CRCE9CZ0H,01HWX67H14MBTQAJYKQE8GZ720,,,,2025-01-25 19:01:08.499000 UTC,2025-01-25 19:15:49.500000 UTC,881,DCCombatEmpty_Lush,combat_combat,0.0,1,1,extraction,arms_sword_ferrox,25345.0,17963.0,,7382.0,,,,,,,,,,,,4,7
01JJFDDMPYJNHQ8JG7WJGJ00GR,01HXE31W3NH2389NKX2Y56X9MS,,,,2025-01-25 19:01:14.500000 UTC,2025-01-25 19:03:49.500000 UTC,155,DCCombatEmpty_Lush,combat_combat,0.0,1,1,died,arms_ab0011,236.0,236.0,,,,,,,,,,,,,,1,1
01JJFDK0XHEBE81ACS1NW02R0H,01HVNP3P98BP7WKHQWKEDYW9VK,,,,2025-01-25 19:04:11.500000 UTC,2025-01-25 19:33:27.499000 UTC,1755,DCCombatEmpty_Lush,combat_combat,0.0,1,1,extraction,arms_ac0001,5205.0,3194.0,,,,,448.0,,,,1563.0,,,,,3,6
01JJFDK0XHEBE81ACS1NW02R0H,01HVXEJ1KKHCAJC0542Q7VAN70,,,,2025-01-25 19:04:11.500000 UTC,2025-01-25 19:33:27.499000 UTC,1755,DCCombatEmpty_Lush,combat_combat,0.0,1,1,extraction,arms_ac0002,20790.0,4006.0,16784.0,,,,,,,,,,,,,2,6
01JJFE9H9RTT2C3FYYN6VANJVH,01HV7F2Z03B3X3SG7MZC30PSJ2,,,,2025-01-25 19:16:28.499000 UTC,2025-01-25 19:32:29.500000 UTC,961,DCCombatEmpty_Lush,combat_combat,0.0,1,1,extraction,arms_sword_ferrox,88227.0,61698.0,,3004.0,,,,,23525.0,,,,,,,12,7
01JJFE9H9RTT2C3FYYN6VANJVH,01JC9CQV0Q5N0X512Y5Q4F51FR,,,,2025-01-25 19:16:28.499000 UTC,2025-01-25 19:32:29.500000 UTC,961,DCCombatEmpty_Lush,combat_combat,0.0,1,1,extraction,arms_greatsword_tritium,65161.0,52384.0,,,12777.0,,,,,,,,,,,9,7
01JJFF7CAGKJBWYYYQWEMYXPP1,01HV7F2Z03B3X3SG7MZC30PSJ2,,,,2025-01-25 19:32:47.499000 UTC,2025-01-25 19:45:31.500000 UTC,764,DCCombatEmpty_Lush,combat_combat,0.0,1,1,extraction,arms_sword_ferrox,67260.0,61611.0,,,,,,,,,5649.0,,,,,10,5
01JJFFSWG96BD9MC0776XBY7V8,01HV9EKJT3KE7KDC873JN72JRY,,,,2025-01-25 19:42:52.499000 UTC,2025-01-25 20:07:53.500000 UTC,1501,DCCombatEmpty_Lush,combat_combat,0.0,1,1,extraction,arms_ab0012,47548.0,3405.0,,,,,,4944.0,31574.0,,7625.0,,,,,1,5
01JJFGR2F3F4A5TK25G46PA19T,01HWX67H14MBTQAJYKQE8GZ720,,,,2025-01-25 19:59:23.500000 UTC,2025-01-25 20:11:15.500000 UTC,712,DCCombatEmpty_Lush,combat_combat,0.0,1,1,extraction,arms_sword_ferrox,385932.0,333946.0,,,,,,,24794.0,24223.0,2969.0,,,,,18,1
01JJFDC5A7PFGJ21E6AXVYBX31,01HV7EKXWQ792C35H78Q8TBWXZ,,,,2025-01-25 19:00:27.499000 UTC,2025-01-25 19:26:26.500000 UTC,1559,DCCombatEmpty_Lush,combat_combat,0.0,1,1,extraction,arms_sword_ferrox,227334.0,55011.0,,,,,,,60463.0,111860.0,,,,,,10,3
01JJFDCCCF45PFRQJ37C7SGEJ8,01HZCRJHWPYRGQ501VWGWVY7KX,,,,2025-01-25 19:00:33.499000 UTC,2025-01-25 19:05:57.500000 UTC,324,DCCombatEmpty_Lush,combat_combat,0.0,1,1,died,arms_sword_ferrox,62939.0,22699.0,,9328.0,,,,,30912.0,,,,,,,2,1
01JJFDCKTF4W3ZKK9EK7EJVJFP,01JFA9NV9FXVT7HGJ26XJMYBJS,,,,2025-01-25 19:00:40.500000 UTC,2025-01-25 19:23:14.500000 UTC,1354,DCCombatEmpty_Lush,combat_combat,0.0,1,1,extraction,arms_sword_tritium,238732.0,94329.0,,,,4669.0,,,139734.0,,,,,,,17,3
01JJFDDG2VADJZPCRDAEDQW5ES,01HV7EMM1T9N4PMG1AA43HZNRJ,,,,2025-01-25 19:01:10.500000 UTC,2025-01-25 19:15:21.500000 UTC,851,DCCombatEmpty_Lush,combat_combat,0.0,1,1,extraction,arms_sword_ferrox,375172.0,177904.0,107350.0,,,,,,,89918.0,,,,,,20,1
01JJFDK86DFCFM4T8RSEJXY69K,01HV7ENYBRENNXEGTMVFGHN2DZ,,,,2025-01-25 19:04:18.500000 UTC,2025-01-25 19:16:23.500000 UTC,725,DCCombatEmpty_Lush,combat_combat,0.0,1,1,abandoned,arms_gs_eclipse,57930.0,1591.0,,,14392.0,,,,,41947.0,,,,,,1,3
01JJFDVGSWP5PKE8MXWWXMKAGR,01HWX1STGFTH8AZDPGY9F2R3AC,,,,2025-01-25 19:08:50.499000 UTC,2025-01-25 19:17:37.500000 UTC,527,DCCombatEmpty_Lush,combat_combat,0.0,1,1,extraction,arms_axe_demon,360111.0,216228.0,,,,,30103.0,,,113780.0,,,,,,7,1
01JJFEE57J95G5XY4X83TH2YGX,01HV7ENYBRENNXEGTMVFGHN2DZ,,,,2025-01-25 19:19:00.500000 UTC,2025-01-25 19:35:41.499000 UTC,1000,DCCombatEmpty_Lush,combat_combat,0.0,1,1,extraction,arms_gs_eclipse,45363.0,19625.0,20843.0,,,,,4895.0,,,,,,,,6,5
01JJFFA2X3HMVV8X45EXBBYNNP,01HV7EQE0CYA1ZWRENMNYKACCA,,,,2025-01-25 19:34:15.499000 UTC,2025-01-25 20:02:36.500000 UTC,1701,DCCombatEmpty_Lush,combat_combat,0.0,1,1,extraction,arms_greatsword_thornweave,395899.0,308766.0,,,,,,87133.0,,,,,,,,59,1
01JJFFNSXJT7H5SCTHCRCXCGY6,01HV7TBAM2398RTAPXN6KX9B2B,,,,2025-01-25 19:40:39.500000 UTC,2025-01-25 19:49:33.500000 UTC,534,DCCombatEmpty_Lush,combat_combat,0.0,1,1,abandoned,arms_ac0003,36713.0,33259.0,,,,,3454.0,,,,,,,,,5,4
01JJFG4H7CZAK2B55STFT1JWB7,01HV7X0JR2X8PJ5Q9CE2YS0ADV,,,,2025-01-25 19:48:42.500000 UTC,2025-01-25 19:58:46.499000 UTC,603,DCCombatEmpty_Lush,combat_combat,0.0,1,1,extraction,arms_axe_demon,382833.0,88470.0,83762.0,,13743.0,,,,,196858.0,,,,,,2,1
01JJFDCKTF4W3ZKK9EK7EJVJFP,01JFB3SVWM9YEAESRE416P9SKF,,,,2025-01-25 19:00:40.500000 UTC,2025-01-25 19:23:14.500000 UTC,1354,DCCombatEmpty_Lush,combat_combat,0.0,1,1,extraction,arms_sword_tritium,198806.0,61177.0,84146.0,,,,,,,53483.0,,,,,,17,3
01JJFDR26DWVK0V1PMD9WR36W4,01HVBGSFAV6X0RKWGJQXRC7RD8,,,,2025-01-25 19:06:57.500000 UTC,2025-01-25 19:13:38.500000 UTC,401,DCCombatEmpty_Lush,combat_combat,0.0,1,1,died,arms_hammer_chronosteel,25457.0,21886.0,,,,,,,,,,,3571.0,,,1,2
01JJFDSQFXSB16SX6E199J1V4Z,01JJEZYVY6WBETJ5PKWX2BG81X,,,,2025-01-25 19:07:51.500000 UTC,2025-01-25 19:08:46.500000 UTC,55,DCCombatEmpty_Lush,combat_combat,0.0,1,1,died,arms_aa0001,239.0,239.0,,,,,,,,,,,,,,0,2
01JJFE9H9RTT2C3FYYN6VANJVH,01HV7TBAM2398RTAPXN6KX9B2B,,,,2025-01-25 19:16:28.499000 UTC,2025-01-25 19:32:29.500000 UTC,961,DCCombatEmpty_Lush,combat_combat,0.0,1,1,extraction,arms_ac0003,38294.0,27632.0,,,,563.0,2428.0,7671.0,,,,,,,,3,7
01JJFE9H9RTT2C3FYYN6VANJVH,01HV8A0S2XB9E7RNBBHCFDA5AY,,,,2025-01-25 19:16:28.499000 UTC,2025-01-25 19:32:29.500000 UTC,961,DCCombatEmpty_Lush,combat_combat,0.0,1,1,extraction,arms_sword_ferrox,233853.0,16533.0,29493.0,,20470.0,,,,,167357.0,,,,,,6,7
01JJFE9H9RTT2C3FYYN6VANJVH,01HWNPFC4SDS76TF61T6SC1V0K,,,,2025-01-25 19:16:28.499000 UTC,2025-01-25 19:32:29.500000 UTC,961,DCCombatEmpty_Lush,combat_combat,0.0,1,1,extraction,arms_greatsword_tritium,65366.0,39178.0,,12464.0,,,,13724.0,,,,,,,,4,7
01JJFEE57J95G5XY4X83TH2YGX,01HZCRJHWPYRGQ501VWGWVY7KX,,,,2025-01-25 19:19:00.500000 UTC,2025-01-25 19:35:41.499000 UTC,1000,DCCombatEmpty_Lush,combat_combat,0.0,1,1,extraction,arms_sword_ferrox,113418.0,16701.0,941.0,,19794.0,,,,75982.0,,,,,,,1,5
01JJFF37SBSY1JF6P6HQ6W1HF2,01HV74Y9CEMS2PHHPT5YN624RC,,,dev,2025-01-25 19:30:31.500000 UTC,2025-01-25 19:41:05.500000 UTC,634,DCCombatEmpty_Lush,combat_combat,0.0,1,1,died,arms_lightning,77870.0,36318.0,,,,,,17058.0,24494.0,,,,,,,21,1
01JJFFZ5HRSYZAM3NP6WF6J7NN,01JC9CQV0Q5N0X512Y5Q4F51FR,,,,2025-01-25 19:45:46.499000 UTC,2025-01-25 19:58:05.499000 UTC,739,DCCombatEmpty_Lush,combat_combat,0.0,1,1,extraction,arms_greatsword_tritium,101464.0,42117.0,,,,,6854.0,,43853.0,,8640.0,,,,,8,5
01JJFDC4YF3J48CZ0V6R4SQ6G0,01JHF0279BQ392DY10F5729ZAK,,,,2025-01-25 19:00:26.500000 UTC,2025-01-25 19:13:06.500000 UTC,760,DCCombatEmpty_Lush,combat_combat,0.0,1,1,extraction,arms_hammer_chronosteel,386460.0,166062.0,106186.0,,,,,,,114212.0,,,,,,17,1
01JJFDC5A7PFGJ21E6AXVYBX31,01J83BZ7QH4BDMZ0WN32NDW192,,,,2025-01-25 19:00:27.499000 UTC,2025-01-25 19:26:26.500000 UTC,1559,DCCombatEmpty_Lush,combat_combat,0.0,1,1,extraction,arms_axe_ferrox,367360.0,140494.0,110474.0,,,,,,,116392.0,,,,,,16,3
01JJFDDENJHCYANR5CRCE9CZ0H,01HV7F2Z03B3X3SG7MZC30PSJ2,,,,2025-01-25 19:01:08.499000 UTC,2025-01-25 19:15:49.500000 UTC,881,DCCombatEmpty_Lush,combat_combat,0.0,1,1,extraction,arms_sword_ferrox,84978.0,35240.0,31323.0,,,,,6565.0,,,11850.0,,,,,1,7
01JJFDDRG37KZRBSPE3XR27X4N,01HV7GY6HDDTQG9EYJ6MCRHTF6,,,,2025-01-25 19:01:18.499000 UTC,2025-01-25 19:11:28.500000 UTC,610,DCCombatEmpty_Lush,combat_combat,0.0,1,1,died,arms_axe_ferrox,62604.0,45377.0,,,,2745.0,14482.0,,,,,,,,,10,2
01JJFDSQFXSB16SX6E199J1V4Z,01JJEZZG70KPB7MFZYXVM4A08S,,,,2025-01-25 19:07:51.500000 UTC,2025-01-25 19:08:46.500000 UTC,55,DCCombatEmpty_Lush,combat_combat,0.0,1,1,died,arms_aa0001,94.0,94.0,,,,,,,,,,,,,,0,2
01JJFF7CAGKJBWYYYQWEMYXPP1,01HW3JC9SHP0NYPGKSFJ7JGCST,,,,2025-01-25 19:32:47.499000 UTC,2025-01-25 19:45:31.500000 UTC,764,DCCombatEmpty_Lush,combat_combat,0.0,1,1,extraction,arms_hammer_chronosteel,283702.0,49831.0,60155.0,,,,7979.0,,,165737.0,,,,,,0,5
01JJFF7CAGKJBWYYYQWEMYXPP1,01HWX67H14MBTQAJYKQE8GZ720,,,,2025-01-25 19:32:47.499000 UTC,2025-01-25 19:45:31.500000 UTC,764,DCCombatEmpty_Lush,combat_combat,0.0,1,1,extraction,arms_sword_ferrox,57019.0,44255.0,,,,,,12764.0,,,,,,,,6,5
01JJFFFDH5G4NXTA5KT4MNPV42,01HV7X0JR2X8PJ5Q9CE2YS0ADV,,,,2025-01-25 19:37:09.500000 UTC,2025-01-25 19:48:28.499000 UTC,678,DCCombatEmpty_Lush,combat_combat,0.0,1,1,extraction,arms_axe_demon,358424.0,234943.0,99148.0,,,,,,,,,,24333.0,,,6,1
01JJFG2V5E6M3ZHK0XKE4V4HFT,01HV7EMM1T9N4PMG1AA43HZNRJ,,,,2025-01-25 19:47:46.500000 UTC,2025-01-25 20:01:39.500000 UTC,833,DCCombatEmpty_Lush,combat_combat,0.0,1,1,extraction,arms_sword_ferrox,402549.0,216778.0,,29007.0,,1115.0,,,,155649.0,,,,,,16,1
01JJFG8TEMYC0AS9G6PEFKGN2T,01JBHYRS8681GAB7W6J9MWXZR7,,,,2025-01-25 19:51:02.500000 UTC,2025-01-25 19:59:12.500000 UTC,490,DCCombatEmpty_Lush,combat_combat,0.0,1,1,died,arms_ac0003,135264.0,97818.0,35802.0,,,1644.0,,,,,,,,,,13,1
01JJFDBVYWYHDZ6VTS5TK3M3R6,01HWX1STGFTH8AZDPGY9F2R3AC,,,,2025-01-25 19:00:18.500000 UTC,2025-01-25 19:08:36.500000 UTC,498,DCCombatEmpty_Lush,combat_combat,0.0,1,1,extraction,arms_axe_demon,369475.0,130077.0,,,,,,,112139.0,127259.0,,,,,,0,1
01JJFDC5A7PFGJ21E6AXVYBX31,01J83BZ7C72G9TEKYB0CN0T6EM,,,,2025-01-25 19:00:27.499000 UTC,2025-01-25 19:26:26.500000 UTC,1559,DCCombatEmpty_Lush,combat_combat,0.0,1,1,extraction,arms_greatsword_thornweave,18549.0,8662.0,,5514.0,,,,,,4373.0,,,,,,3,3
01JJFDDENJHCYANR5CRCE9CZ0H,01HV8A0S2XB9E7RNBBHCFDA5AY,,,,2025-01-25 19:01:08.499000 UTC,2025-01-25 19:15:49.500000 UTC,881,DCCombatEmpty_Lush,combat_combat,0.0,1,1,extraction,arms_sword_ferrox,185091.0,15664.0,,7665.0,,,,,17372.0,144390.0,,,,,,4,7
01JJFDK0XHEBE81ACS1NW02R0H,01HV9EKJT3KE7KDC873JN72JRY,,,,2025-01-25 19:04:11.500000 UTC,2025-01-25 19:33:27.499000 UTC,1755,DCCombatEmpty_Lush,combat_combat,0.0,1,1,extraction,arms_ab0012,12448.0,3576.0,,,,520.0,,,8352.0,,,,,,,2,6
01JJFDK0XHEBE81ACS1NW02R0H,01JGP9EBHRESHMMGHRWX6VK5Z1,,,,2025-01-25 19:04:11.500000 UTC,2025-01-25 19:33:27.499000 UTC,1755,DCCombatEmpty_Lush,combat_combat,0.0,1,1,extraction,arms_sword_chronosteel,252851.0,80551.0,60123.0,,,,,,100645.0,,,,11532.0,,,19,6
01JJFE14YVESBKP8XZ9SA36FSN,01HV7GY6HDDTQG9EYJ6MCRHTF6,,,,2025-01-25 19:11:53.500000 UTC,2025-01-25 19:25:36.499000 UTC,822,DCCombatEmpty_Lush,combat_combat,0.0,1,1,extraction,arms_axe_ferrox,140031.0,80824.0,,,,,,,59207.0,,,,,,,9,2
01JJFE9H9RTT2C3FYYN6VANJVH,01HW3JC9SHP0NYPGKSFJ7JGCST,,,,2025-01-25 19:16:28.499000 UTC,2025-01-25 19:32:29.500000 UTC,961,DCCombatEmpty_Lush,combat_combat,0.0,1,1,extraction,arms_hammer_chronosteel,17427.0,15850.0,,,1577.0,,,,,,,,,,,1,7
01JJFEE57J95G5XY4X83TH2YGX,01HV7X0JR2X8PJ5Q9CE2YS0ADV,,,,2025-01-25 19:19:00.500000 UTC,2025-01-25 19:35:41.499000 UTC,1000,DCCombatEmpty_Lush,combat_combat,0.0,1,1,extraction,arms_axe_demon,153795.0,92091.0,,,,,,,60536.0,,,,1168.0,,,1,5
01JJFEWJXZ2WVJXCZTDDWNKJV7,01JFA9NV9FXVT7HGJ26XJMYBJS,,,,2025-01-25 19:26:53.500000 UTC,2025-01-25 19:49:41.500000 UTC,1368,DCCombatEmpty_Lush,combat_combat,0.0,1,1,extraction,arms_sword_tritium,242718.0,90582.0,118192.0,33944.0,,,,,,,,,,,,19,3
01JJFEWJXZ2WVJXCZTDDWNKJV7,01JFNJSS1Z3CJVKDFXCHMPD44P,,,,2025-01-25 19:26:53.500000 UTC,2025-01-25 19:49:41.500000 UTC,1368,DCCombatEmpty_Lush,combat_combat,0.0,1,1,extraction,arms_ac0002,153694.0,55478.0,56782.0,,,,,,,,41434.0,,,,,11,3
01JJFF7CAGKJBWYYYQWEMYXPP1,01JC9CQV0Q5N0X512Y5Q4F51FR,,,,2025-01-25 19:32:47.499000 UTC,2025-01-25 19:45:31.500000 UTC,764,DCCombatEmpty_Lush,combat_combat,0.0,1,1,extraction,arms_greatsword_tritium,74405.0,54308.0,19869.0,,,,,228.0,,,,,,,,18,5
01JJFFZ5HRSYZAM3NP6WF6J7NN,01HW3JC9SHP0NYPGKSFJ7JGCST,,,,2025-01-25 19:45:46.499000 UTC,2025-01-25 19:58:05.499000 UTC,739,DCCombatEmpty_Lush,combat_combat,0.0,1,1,extraction,arms_hammer_chronosteel,112818.0,44278.0,,,,510.0,,,68030.0,,,,,,,3,5
01JJFG6JXWZHERJ8F6GN405HPD,01HV9SK9ZPM76W38DEAHGGK0J4,,,,2025-01-25 19:49:49.500000 UTC,2025-01-25 19:58:46.499000 UTC,536,DCCombatEmpty_Lush,combat_combat,0.0,1,1,died,arms_sword_ferrox,343707.0,243989.0,,46618.0,50898.0,,,,,,,,2202.0,,,6,1
01JJFDDENJHCYANR5CRCE9CZ0H,01HV7EFBYARF800C2XFNMJJZ42,,,,2025-01-25 19:01:08.499000 UTC,2025-01-25 19:15:49.500000 UTC,881,DCCombatEmpty_Lush,combat_combat,0.0,1,1,extraction,arms_sword_ferrox,100379.0,5336.0,,,13538.0,,,,73916.0,,7589.0,,,,,0,7
01JJFDK86DFCFM4T8RSEJXY69K,01HV7EQE0CYA1ZWRENMNYKACCA,,,,2025-01-25 19:04:18.500000 UTC,2025-01-25 19:16:23.500000 UTC,725,DCCombatEmpty_Lush,combat_combat,0.0,1,1,abandoned,arms_greatsword_thornweave,51416.0,41699.0,,,,,,,,,,,9717.0,,,21,3
01JJFEE57J95G5XY4X83TH2YGX,01HXJ4CQWP68GBW0694WX0QRTY,,,,2025-01-25 19:19:00.500000 UTC,2025-01-25 19:35:41.499000 UTC,1000,DCCombatEmpty_Lush,combat_combat,0.0,1,1,extraction,arms_axe_demon,112169.0,61466.0,,,24405.0,,,,,2543.0,23755.0,,,,,5,5
01JJFFSWG96BD9MC0776XBY7V8,01JHDFBQJ575KVF36AJH86R4QW,,,,2025-01-25 19:42:52.499000 UTC,2025-01-25 20:07:53.500000 UTC,1501,DCCombatEmpty_Lush,combat_combat,0.0,1,1,extraction,arms_sword_chronosteel,2497.0,2497.0,,,,,,,,,,,,,,1,5
01JJFGJZ1E06H2NDZGZ83YBG49,01HXJ4CQWP68GBW0694WX0QRTY,,,,2025-01-25 19:56:35.499000 UTC,2025-01-25 20:10:13.500000 UTC,818,DCCombatEmpty_Lush,combat_combat,0.0,1,1,extraction,arms_axe_demon,173939.0,122743.0,,,,,,33747.0,,,,,17449.0,,,14,2
01JJFDCKTF4W3ZKK9EK7EJVJFP,01JFNJSS1Z3CJVKDFXCHMPD44P,,,,2025-01-25 19:00:40.500000 UTC,2025-01-25 19:23:14.500000 UTC,1354,DCCombatEmpty_Lush,combat_combat,0.0,1,1,extraction,arms_ac0002,252125.0,38409.0,104934.0,,,,,,108782.0,,,,,,,7,3
01JJFDDENJHCYANR5CRCE9CZ0H,01HW3JC9SHP0NYPGKSFJ7JGCST,,,,2025-01-25 19:01:08.499000 UTC,2025-01-25 19:15:49.500000 UTC,881,DCCombatEmpty_Lush,combat_combat,0.0,1,1,extraction,arms_hammer_chronosteel,51779.0,24334.0,,10785.0,,,1365.0,15295.0,,,,,,,,0,7
01JJFDDENJHCYANR5CRCE9CZ0H,01JC9CQV0Q5N0X512Y5Q4F51FR,,,,2025-01-25 19:01:08.499000 UTC,2025-01-25 19:15:49.500000 UTC,881,DCCombatEmpty_Lush,combat_combat,0.0,1,1,extraction,arms_greatsword_tritium,90350.0,28417.0,,12063.0,,,,4900.0,44970.0,,,,,,,7,7
01JJFDDRG37KZRBSPE3XR27X4N,01HV9SK9ZPM76W38DEAHGGK0J4,,,,2025-01-25 19:01:18.499000 UTC,2025-01-25 19:11:28.500000 UTC,610,DCCombatEmpty_Lush,combat_combat,0.0,1,1,died,arms_axe_ferrox,130059.0,93959.0,,,,,,21534.0,,,,,14566.0,,,13,2
01JJFEWJXZ2WVJXCZTDDWNKJV7,01JFB3SVWM9YEAESRE416P9SKF,,,,2025-01-25 19:26:53.500000 UTC,2025-01-25 19:49:41.500000 UTC,1368,DCCombatEmpty_Lush,combat_combat,0.0,1,1,extraction,arms_sword_tritium,251130.0,68321.0,122567.0,,60242.0,,,,,,,,,,,5,3
01JJFF7CAGKJBWYYYQWEMYXPP1,01HWNPFC4SDS76TF61T6SC1V0K,,,,2025-01-25 19:32:47.499000 UTC,2025-01-25 19:45:31.500000 UTC,764,DCCombatEmpty_Lush,combat_combat,0.0,1,1,extraction,arms_greatsword_tritium,74939.0,14337.0,13644.0,,,,,,,46958.0,,,,,,0,5
01JJFFSWG96BD9MC0776XBY7V8,01HWXE731KZQ8FH60JPJ0GCTHM,,,,2025-01-25 19:42:52.499000 UTC,2025-01-25 20:07:53.500000 UTC,1501,DCCombatEmpty_Lush,combat_combat,0.0,1,1,extraction,arms_sword_ferrox,332442.0,217987.0,43766.0,,70689.0,,,,,,,,,,,13,5
01JJFFZ5HRSYZAM3NP6WF6J7NN,01HV7F2Z03B3X3SG7MZC30PSJ2,,,,2025-01-25 19:45:46.499000 UTC,2025-01-25 19:58:05.499000 UTC,739,DCCombatEmpty_Lush,combat_combat,0.0,1,1,extraction,arms_sword_ferrox,88804.0,79416.0,,,9388.0,,,,,,,,,,,12,5
01JJFDK86DFCFM4T8RSEJXY69K,01HXJ4CQWP68GBW0694WX0QRTY,,,,2025-01-25 19:04:18.500000 UTC,2025-01-25 19:16:23.500000 UTC,725,DCCombatEmpty_Lush,combat_combat,0.0,1,1,abandoned,arms_axe_demon,145466.0,88316.0,36226.0,11976.0,,,,,,,,,8948.0,,,12,3
01JJFDMFZST0HQCDZHFTHJ1G08,01HV7X0JR2X8PJ5Q9CE2YS0ADV,,,,2025-01-25 19:04:59.500000 UTC,2025-01-25 19:18:23.499000 UTC,803,DCCombatEmpty_Lush,combat_combat,0.0,1,1,extraction,arms_axe_demon,388606.0,208611.0,,,,,,,156253.0,,,,23742.0,,,9,1
01JJFE14YVESBKP8XZ9SA36FSN,01HV9SK9ZPM76W38DEAHGGK0J4,,,,2025-01-25 19:11:53.500000 UTC,2025-01-25 19:25:36.499000 UTC,822,DCCombatEmpty_Lush,combat_combat,0.0,1,1,extraction,arms_axe_ferrox,237292.0,57082.0,,,,,,,33438.0,146772.0,,,,,,5,2
01JJFECS5M073Y386SV9WTV8BP,01HWX1STGFTH8AZDPGY9F2R3AC,,,,2025-01-25 19:18:15.500000 UTC,2025-01-25 19:26:06.500000 UTC,471,DCCombatEmpty_Lush,combat_combat,0.0,1,1,extraction,arms_axe_demon,376073.0,199501.0,,,72739.0,,,,84835.0,,18998.0,,,,,5,1
01JJFEE57J95G5XY4X83TH2YGX,01HV7EMM1T9N4PMG1AA43HZNRJ,,,,2025-01-25 19:19:00.500000 UTC,2025-01-25 19:35:41.499000 UTC,1000,DCCombatEmpty_Lush,combat_combat,0.0,1,1,extraction,arms_sword_ferrox,128594.0,23062.0,53482.0,,,,,,52050.0,,,,,,,3,5
01JJFEY9WXBYBQ68NMX18KDSNG,01HV7GY6HDDTQG9EYJ6MCRHTF6,,,,2025-01-25 19:27:49.500000 UTC,2025-01-25 19:37:20.499000 UTC,570,DCCombatEmpty_Lush,combat_combat,0.0,1,1,extraction,arms_axe_ferrox,148105.0,62730.0,54561.0,18493.0,,,12321.0,,,,,,,,,4,2
01JJFEY9WXBYBQ68NMX18KDSNG,01HV9SK9ZPM76W38DEAHGGK0J4,,,,2025-01-25 19:27:49.500000 UTC,2025-01-25 19:37:20.499000 UTC,570,DCCombatEmpty_Lush,combat_combat,0.0,1,1,extraction,arms_sword_ferrox,245621.0,152111.0,,,,,27683.0,,65827.0,,,,,,,5,2
01JJFFNSXJT7H5SCTHCRCXCGY6,01HV7ENYBRENNXEGTMVFGHN2DZ,,,,2025-01-25 19:40:39.500000 UTC,2025-01-25 19:49:33.500000 UTC,534,DCCombatEmpty_Lush,combat_combat,0.0,1,1,abandoned,arms_gs_eclipse,17972.0,12265.0,,,5707.0,,,,,,,,,,,8,4
01JJFFNSXJT7H5SCTHCRCXCGY6,01HV9SK9ZPM76W38DEAHGGK0J4,,,,2025-01-25 19:40:39.500000 UTC,2025-01-25 19:49:33.500000 UTC,534,DCCombatEmpty_Lush,combat_combat,0.0,1,1,abandoned,arms_sword_ferrox,73350.0,51382.0,21968.0,,,,,,,,,,,,,8,4
01JJFFSQA7THT2J9R9TFW7083P,01JHF0279BQ392DY10F5729ZAK,,,,2025-01-25 19:42:47.500000 UTC,2025-01-25 19:54:53.500000 UTC,726,DCCombatEmpty_Lush,combat_combat,0.0,1,1,extraction,arms_hammer_chronosteel,379009.0,183462.0,113135.0,,,,,,82412.0,,,,,,,8,1
01JJFGQPMC43FK15Z1590G096H,01HV7X0JR2X8PJ5Q9CE2YS0ADV,,,,2025-01-25 19:59:09.500000 UTC,2025-01-25 20:10:12.500000 UTC,663,DCCombatEmpty_Lush,combat_combat,0.0,1,1,extraction,arms_axe_demon,396358.0,199454.0,82566.0,,,,,,107450.0,,,,6888.0,,,11,1
01JJFE5DQJE03H24JG3M2B2KAK,01HVBGSFAV6X0RKWGJQXRC7RD8,,,,2025-01-25 19:14:14.500000 UTC,2025-01-25 19:17:56.500000 UTC,222,DCCombatEmpty_Lush,combat_combat,0.0,1,1,died,arms_hammer_chronosteel,22177.0,17886.0,,,3811.0,480.0,,,,,,,,,,3,2
01JJFE5DQJE03H24JG3M2B2KAK,01JHDFBQJ575KVF36AJH86R4QW,,,,2025-01-25 19:14:14.500000 UTC,2025-01-25 19:17:56.500000 UTC,222,DCCombatEmpty_Lush,combat_combat,0.0,1,1,died,arms_sword_chronosteel,6045.0,3335.0,,,,,,,,,,,2710.0,,,4,2
01JJFE5GADCEF6WK3SBNDPNMN2,01JHF0279BQ392DY10F5729ZAK,,,,2025-01-25 19:14:17.500000 UTC,2025-01-25 19:27:07.500000 UTC,770,DCCombatEmpty_Lush,combat_combat,0.0,1,1,extraction,arms_hammer_chronosteel,415545.0,206652.0,84769.0,,,,,7569.0,116555.0,,,,,,,15,1
01JJFE9H9RTT2C3FYYN6VANJVH,01HWX67H14MBTQAJYKQE8GZ720,,,,2025-01-25 19:16:28.499000 UTC,2025-01-25 19:32:29.500000 UTC,961,DCCombatEmpty_Lush,combat_combat,0.0,1,1,extraction,arms_sword_ferrox,89063.0,58716.0,,,30347.0,,,,,,,,,,,7,7
01JJFEWJQ037CJ12XSDJBE3GJR,01HV7EKXWQ792C35H78Q8TBWXZ,,,,2025-01-25 19:26:53.500000 UTC,2025-01-25 19:55:22.499000 UTC,1708,DCCombatEmpty_Lush,combat_combat,0.0,1,1,extraction,arms_sword_ferrox,231513.0,115147.0,,,,,16766.0,,,75925.0,23675.0,,,,,6,3
01JJFEWJQ037CJ12XSDJBE3GJR,01J83BZ7C72G9TEKYB0CN0T6EM,,,,2025-01-25 19:26:53.500000 UTC,2025-01-25 19:55:22.499000 UTC,1708,DCCombatEmpty_Lush,combat_combat,0.0,1,1,extraction,arms_greatsword_thornweave,139192.0,68027.0,555.0,,,,,,63514.0,,,,7096.0,,,14,3
01JJFEWJQ037CJ12XSDJBE3GJR,01J83BZ7QH4BDMZ0WN32NDW192,,,,2025-01-25 19:26:53.500000 UTC,2025-01-25 19:55:22.499000 UTC,1708,DCCombatEmpty_Lush,combat_combat,0.0,1,1,extraction,arms_axe_ferrox,274021.0,129320.0,,,25038.0,,,,99839.0,,19824.0,,,,,15,3
01JJFFNSXJT7H5SCTHCRCXCGY6,01HXJ4CQWP68GBW0694WX0QRTY,,,,2025-01-25 19:40:39.500000 UTC,2025-01-25 19:49:33.500000 UTC,534,DCCombatEmpty_Lush,combat_combat,0.0,1,1,abandoned,arms_axe_demon,106953.0,45350.0,7178.0,,5927.0,,,,,48498.0,,,,,,3,4
01JJFFSWG96BD9MC0776XBY7V8,01HVNP3P98BP7WKHQWKEDYW9VK,,,,2025-01-25 19:42:52.499000 UTC,2025-01-25 20:07:53.500000 UTC,1501,DCCombatEmpty_Lush,combat_combat,0.0,1,1,extraction,arms_ac0001,162782.0,57559.0,81466.0,23757.0,,,,,,,,,,,,12,5
01JJFFZ5HRSYZAM3NP6WF6J7NN,01HWX67H14MBTQAJYKQE8GZ720,,,,2025-01-25 19:45:46.499000 UTC,2025-01-25 19:58:05.499000 UTC,739,DCCombatEmpty_Lush,combat_combat,0.0,1,1,extraction,arms_sword_ferrox,186744.0,51029.0,,15703.0,,,,,120012.0,,,,,,,2,5